{
    "accuracy": 0.6923,
    "classification_report": {
        "Low": {
            "precision": 0.7409948542024014,
            "recall": 0.7248322147651006,
            "f1-score": 0.732824427480916,
            "support": 596.0
        },
        "Medium": {
            "precision": 0.648854961832061,
            "recall": 0.7193229901269393,
            "f1-score": 0.6822742474916388,
            "support": 709.0
        },
        "High": {
            "precision": 0.71484375,
            "recall": 0.571875,
            "f1-score": 0.6354166666666666,
            "support": 320.0
        },
        "accuracy": 0.6923076923076923,
        "macro avg": {
            "precision": 0.7015645220114876,
            "recall": 0.6720100682973467,
            "f1-score": 0.6835051138797404,
            "support": 1625.0
        },
        "weighted avg": {
            "precision": 0.6956437544883461,
            "recall": 0.6923076923076923,
            "f1-score": 0.6915871591283268,
            "support": 1625.0
        }
    }
}