{
    "accuracy": 0.6406,
    "classification_report": {
        "Low": {
            "precision": 0.7230215827338129,
            "recall": 0.674496644295302,
            "f1-score": 0.6979166666666666,
            "support": 596.0
        },
        "Medium": {
            "precision": 0.5883748517200474,
            "recall": 0.6995768688293371,
            "f1-score": 0.6391752577319587,
            "support": 709.0
        },
        "High": {
            "precision": 0.6327433628318584,
            "recall": 0.446875,
            "f1-score": 0.5238095238095238,
            "support": 320.0
        },
        "accuracy": 0.6406153846153846,
        "macro avg": {
            "precision": 0.6480465990952395,
            "recall": 0.606982837708213,
            "f1-score": 0.6203004827360497,
            "support": 1625.0
        },
        "weighted avg": {
            "precision": 0.6464963134061912,
            "recall": 0.6406153846153846,
            "f1-score": 0.6380016238057475,
            "support": 1625.0
        }
    }
}