{
    "accuracy": 0.7132,
    "classification_report": {
        "Low": {
            "precision": 0.7643979057591623,
            "recall": 0.7348993288590604,
            "f1-score": 0.7493584260051326,
            "support": 596.0
        },
        "Medium": {
            "precision": 0.6705577172503242,
            "recall": 0.7291960507757405,
            "f1-score": 0.6986486486486486,
            "support": 709.0
        },
        "High": {
            "precision": 0.7259786476868327,
            "recall": 0.6375,
            "f1-score": 0.6788685524126455,
            "support": 320.0
        },
        "accuracy": 0.7132307692307692,
        "macro avg": {
            "precision": 0.7203114235654398,
            "recall": 0.7005317932116002,
            "f1-score": 0.7089585423554756,
            "support": 1625.0
        },
        "weighted avg": {
            "precision": 0.7158890711524474,
            "recall": 0.7132307692307692,
            "f1-score": 0.713352277269537,
            "support": 1625.0
        }
    }
}