{
    "accuracy": 0.7046,
    "classification_report": {
        "Low": {
            "precision": 0.7646048109965635,
            "recall": 0.7466442953020134,
            "f1-score": 0.7555178268251274,
            "support": 596.0
        },
        "Medium": {
            "precision": 0.672108843537415,
            "recall": 0.6967559943582511,
            "f1-score": 0.6842105263157895,
            "support": 709.0
        },
        "High": {
            "precision": 0.6688311688311688,
            "recall": 0.64375,
            "f1-score": 0.6560509554140127,
            "support": 320.0
        },
        "accuracy": 0.7046153846153846,
        "macro avg": {
            "precision": 0.701848274455049,
            "recall": 0.6957167632200881,
            "f1-score": 0.6985931028516431,
            "support": 1625.0
        },
        "weighted avg": {
            "precision": 0.7053880685833557,
            "recall": 0.7046153846153846,
            "f1-score": 0.7048185807250182,
            "support": 1625.0
        }
    }
}