{
    "accuracy": 0.6098,
    "classification_report": {
        "Low": {
            "precision": 0.68760907504363,
            "recall": 0.6610738255033557,
            "f1-score": 0.6740804106073567,
            "support": 596.0
        },
        "Medium": {
            "precision": 0.5620525059665871,
            "recall": 0.6643159379407616,
            "f1-score": 0.6089204912734324,
            "support": 709.0
        },
        "High": {
            "precision": 0.5887850467289719,
            "recall": 0.39375,
            "f1-score": 0.47191011235955055,
            "support": 320.0
        },
        "accuracy": 0.6098461538461538,
        "macro avg": {
            "precision": 0.6128155425797296,
            "recall": 0.5730465878147057,
            "f1-score": 0.5849703380801132,
            "support": 1625.0
        },
        "weighted avg": {
            "precision": 0.6133670464058982,
            "recall": 0.6098461538461538,
            "f1-score": 0.6058386393784027,
            "support": 1625.0
        }
    }
}