{
    "accuracy": 0.7262,
    "classification_report": {
        "Low": {
            "precision": 0.7787456445993032,
            "recall": 0.75,
            "f1-score": 0.764102564102564,
            "support": 596.0
        },
        "Medium": {
            "precision": 0.6834625322997416,
            "recall": 0.7461212976022567,
            "f1-score": 0.7134187457855697,
            "support": 709.0
        },
        "High": {
            "precision": 0.7364620938628159,
            "recall": 0.6375,
            "f1-score": 0.6834170854271356,
            "support": 320.0
        },
        "accuracy": 0.7261538461538461,
        "macro avg": {
            "precision": 0.7328900902539536,
            "recall": 0.7112070992007521,
            "f1-score": 0.7203127984384231,
            "support": 1625.0
        },
        "weighted avg": {
            "precision": 0.7288462828417246,
            "recall": 0.7261538461538461,
            "f1-score": 0.7260999915715572,
            "support": 1625.0
        }
    }
}